2020,2030,2040,2050,Variable,Source,percch_2030,percch_2040,percch_2050
35289.751,20453.667235,9070.7768715,4218.8078165,Gross fossil CO2,Cross sector benchmark,-0.42040772021882494,-0.7429628542434318,-0.8804523212277695
43291.5772405019,23473.137328481305,11270.543681050474,5808.741567579299,Gross fossil CO2e,Cross sector benchmark,-0.45778974052900157,-0.7396596659336727,-0.8658228242572583
640.1818605019037,420.0112755868526,322.01961417112636,247.3403270793,N2O (Mt CO2e),Cross sector benchmark,-0.343918811980141,-0.49698728745818815,-0.6136405257009551
5731.37142,2227.980334894452,1685.0238323793496,1152.05608,CH4 (Mt CO2e),Cross sector benchmark,-0.6112657561993335,-0.7059998892238344,-0.7989912020044934
1270.48446,257.115735,100.97189099999999,119.94159599999999,HFC (Mt CO2e),Cross sector benchmark,-0.7976238646791477,-0.9205248909538021,-0.9055938110411835
220.97934,58.660668,41.419512000000005,27.959868000000004,PFC (Mt CO2e),Cross sector benchmark,-0.7345422970310256,-0.8125638713555756,-0.8734729319039508
138.80916000000002,55.702079999999995,50.33196,42.63588,SF6 (Mt CO2e),Cross sector benchmark,-0.5987146669571375,-0.6374017391935806,-0.6928453424831618
